"","theme","base_word","pwa","bootstrap_se","bootstrap_me","lb","ub","significant","pvalue"
"1","rando","african_american",0.0237091992129033,0.00883730458262619,0.0173207987023581,0.0063884005105452,0.0410299979152614,1,0.0072996819127038
"2","rando","caucasian",0.0104841466177861,0.00627189473659546,0.0122926877985534,-0.00180854118076733,0.0227768344163395,0,0.0946017342741496
"3","rando","hispanic",0.0299944474746995,0.0116942876892983,0.0229203826958748,0.00707406477882471,0.0529148301705743,1,0.0103211420555893
